[
  {
    "id": "742a4870-555d-43d5-958b-31f8d03e5d21",
    "data": [
      {
        "text": "Question:What is chatbot",
        "userDefined": false
      }
    ],
    "isTemplate": false,
    "count": 0,
    "lang": "en",
    "updated": 0
  },
  {
    "id": "dd358a72-7f33-4f2a-8c39-90fa7ff717dc",
    "data": [
      {
        "text": "Question: What was the data used to train ",
        "userDefined": false
      },
      {
        "text": "BERT",
        "userDefined": false
      }
    ],
    "isTemplate": false,
    "count": 0,
    "lang": "en",
    "updated": 0
  },
  {
    "id": "27acd82e-fcbc-4615-9c4d-cbca768dd387",
    "data": [
      {
        "text": "question: What is SnowFlake",
        "userDefined": false
      }
    ],
    "isTemplate": false,
    "count": 0,
    "lang": "en",
    "updated": 0
  },
  {
    "id": "3669e6a6-b398-4e17-a17f-10884939a8e5",
    "data": [
      {
        "text": "Question: Which college you go",
        "userDefined": false
      }
    ],
    "isTemplate": false,
    "count": 0,
    "lang": "en",
    "updated": 0
  },
  {
    "id": "ad93601f-5d39-428f-89e6-08dddae0575b",
    "data": [
      {
        "text": "Question: How are you doing?",
        "userDefined": false
      }
    ],
    "isTemplate": false,
    "count": 0,
    "lang": "en",
    "updated": 0
  },
  {
    "id": "f14239d4-4e3e-4f77-9031-e8cf2fed92a9",
    "data": [
      {
        "text": "question: how are. you",
        "userDefined": false
      }
    ],
    "isTemplate": false,
    "count": 0,
    "lang": "en",
    "updated": 0
  }
]