[
  {
    "id": "8c19ecc5-03ab-4b6d-8a80-d79ac1d4e399",
    "data": [
      {
        "text": "weather",
        "userDefined": false
      }
    ],
    "isTemplate": false,
    "count": 0,
    "lang": "en",
    "updated": 0
  },
  {
    "id": "88cbe1fc-9847-4cee-9d7b-28d6ea586776",
    "data": [
      {
        "text": "How is weather",
        "userDefined": false
      }
    ],
    "isTemplate": false,
    "count": 0,
    "lang": "en",
    "updated": 0
  },
  {
    "id": "e51cee9f-404e-4eaf-9fc4-9113886c1ff8",
    "data": [
      {
        "text": "what is temperature at ",
        "userDefined": false
      },
      {
        "text": "Delhi",
        "meta": "@sys.geo-city",
        "alias": "geo-city",
        "userDefined": false
      }
    ],
    "isTemplate": false,
    "count": 0,
    "lang": "en",
    "updated": 0
  },
  {
    "id": "e7bef7f4-c08a-4005-9b92-519f584fb43b",
    "data": [
      {
        "text": "Is it hot in ",
        "userDefined": false
      },
      {
        "text": "London",
        "meta": "@sys.geo-city",
        "alias": "geo-city",
        "userDefined": false
      }
    ],
    "isTemplate": false,
    "count": 0,
    "lang": "en",
    "updated": 0
  },
  {
    "id": "0af3cdb9-4af1-442e-8fd7-45d2fd495d2f",
    "data": [
      {
        "text": "temp in ",
        "userDefined": false
      },
      {
        "text": "fremont",
        "meta": "@sys.geo-city",
        "alias": "geo-city",
        "userDefined": false
      }
    ],
    "isTemplate": false,
    "count": 0,
    "lang": "en",
    "updated": 0
  },
  {
    "id": "de8fa1cf-754a-410d-8af6-cc830313eafc",
    "data": [
      {
        "text": "weather in ",
        "userDefined": false
      },
      {
        "text": "San jose",
        "meta": "@sys.geo-city",
        "alias": "geo-city",
        "userDefined": false
      }
    ],
    "isTemplate": false,
    "count": 0,
    "lang": "en",
    "updated": 0
  }
]